{"cameraMode":{"drawMode":0,"name":"Shaded","section":"Shading Mode"},"sceneLighting":true,"audioPlay":false,"sceneViewState":{"showFog":true,"showMaterialUpdate":false,"showSkybox":true,"showFlares":true,"showImageEffects":true,"showParticleSystems":true,"showVisualEffectGraphs":true,"m_FxEnabled":true},"in2DMode":false,"pivot":{"x":-3.0793089866638185,"y":3.4294562339782717,"z":-3.806328773498535},"rotation":{"x":-0.001798719633370638,"y":0.10838405042886734,"z":-0.00019639005768112838,"w":-0.9941099286079407},"size":5.828084468841553,"orthographic":false}