{"cameraMode":{"drawMode":0,"name":"Shaded","section":"Shading Mode"},"sceneLighting":true,"audioPlay":false,"sceneViewState":{"showFog":true,"showMaterialUpdate":false,"showSkybox":true,"showFlares":true,"showImageEffects":true,"showParticleSystems":true,"showVisualEffectGraphs":true,"m_FxEnabled":true},"in2DMode":false,"pivot":{"x":-19.87896156311035,"y":10.76488208770752,"z":18.263761520385743},"rotation":{"x":0.10740543156862259,"y":0.8518436551094055,"z":-0.19255508482456208,"w":0.47514671087265017},"size":1.3837368488311768,"orthographic":false}