{"cameraMode":{"drawMode":0,"name":"Shaded","section":"Shading Mode"},"sceneLighting":false,"audioPlay":false,"sceneViewState":{"showFog":true,"showMaterialUpdate":false,"showSkybox":false,"showFlares":true,"showImageEffects":true,"showParticleSystems":true,"showVisualEffectGraphs":true,"m_FxEnabled":true},"in2DMode":false,"pivot":{"x":-9.620546340942383,"y":1.9319096803665162,"z":-6.904906749725342},"rotation":{"x":-0.06503347307443619,"y":0.46318477392196658,"z":0.03410577028989792,"w":0.8832166194915772},"size":0.000017320508050033823,"orthographic":false}