{"cameraMode":{"drawMode":0,"name":"Shaded","section":"Shading Mode"},"sceneLighting":false,"audioPlay":false,"sceneViewState":{"showFog":true,"showMaterialUpdate":false,"showSkybox":false,"showFlares":true,"showImageEffects":true,"showParticleSystems":true,"showVisualEffectGraphs":true,"m_FxEnabled":true},"in2DMode":false,"pivot":{"x":9.661212921142579,"y":1.5921295881271363,"z":-3.5024445056915285},"rotation":{"x":-0.10933729261159897,"y":-0.6011624336242676,"z":-0.0834830179810524,"w":0.7872105240821838},"size":0.000017328351532341912,"orthographic":false}