{"cameraMode":{"drawMode":0,"name":"Shaded","section":"Shading Mode"},"sceneLighting":false,"audioPlay":false,"sceneViewState":{"showFog":true,"showMaterialUpdate":false,"showSkybox":false,"showFlares":true,"showImageEffects":true,"showParticleSystems":true,"showVisualEffectGraphs":true,"m_FxEnabled":true},"in2DMode":false,"pivot":{"x":9.75960922241211,"y":0.887688398361206,"z":-1.729212760925293},"rotation":{"x":-0.16082720458507539,"y":-0.6025341153144836,"z":-0.12559407949447633,"w":0.7715656161308289},"size":0.000017320508050033823,"orthographic":false}