{"cameraMode":{"drawMode":0,"name":"Shaded","section":"Shading Mode"},"sceneLighting":false,"audioPlay":false,"sceneViewState":{"showFog":true,"showMaterialUpdate":false,"showSkybox":false,"showFlares":true,"showImageEffects":true,"showParticleSystems":true,"showVisualEffectGraphs":true,"m_FxEnabled":true},"in2DMode":false,"pivot":{"x":0.5849983096122742,"y":0.710559606552124,"z":0.5390338897705078},"rotation":{"x":-0.03837216645479202,"y":-0.4819512367248535,"z":0.021111510694026948,"w":-0.8751208186149597},"size":1.8537828922271729,"orthographic":false}