{"cameraMode":{"drawMode":0,"name":"Shaded","section":"Shading Mode"},"sceneLighting":false,"audioPlay":false,"sceneViewState":{"showFog":true,"showMaterialUpdate":false,"showSkybox":false,"showFlares":true,"showImageEffects":true,"showParticleSystems":true,"showVisualEffectGraphs":true,"m_FxEnabled":true},"in2DMode":false,"pivot":{"x":2.435028314590454,"y":4.903487682342529,"z":-0.17814013361930848},"rotation":{"x":0.22803641855716706,"y":-0.5389858484268189,"z":0.15441164374351502,"w":0.7960349321365356},"size":0.44514554738998415,"orthographic":false}