{"cameraMode":{"drawMode":0,"name":"Shaded","section":"Shading Mode"},"sceneLighting":false,"audioPlay":false,"sceneViewState":{"showFog":true,"showMaterialUpdate":false,"showSkybox":false,"showFlares":true,"showImageEffects":true,"showParticleSystems":true,"showVisualEffectGraphs":true,"m_FxEnabled":true},"in2DMode":false,"pivot":{"x":13.782530784606934,"y":0.5945125222206116,"z":0.6526660323143005},"rotation":{"x":0.016260426491498948,"y":0.6912853717803955,"z":-0.015548729337751866,"w":0.722244918346405},"size":0.04825615882873535,"orthographic":false}