{"cameraMode":{"drawMode":0,"name":"Shaded","section":"Shading Mode"},"sceneLighting":true,"audioPlay":false,"sceneViewState":{"showFog":true,"showMaterialUpdate":false,"showSkybox":true,"showFlares":true,"showImageEffects":true,"showParticleSystems":true,"showVisualEffectGraphs":true,"m_FxEnabled":true},"in2DMode":false,"pivot":{"x":35.69274139404297,"y":8.35744857788086,"z":85.87805938720703},"rotation":{"x":-0.014958644285798073,"y":0.07342857867479325,"z":0.0011193051468580962,"w":0.9972113370895386},"size":57.181068420410159,"orthographic":false}