{"cameraMode":{"drawMode":0,"name":"Shaded","section":"Shading Mode"},"sceneLighting":true,"audioPlay":false,"sceneViewState":{"showFog":true,"showMaterialUpdate":false,"showSkybox":true,"showFlares":true,"showImageEffects":true,"showParticleSystems":true,"showVisualEffectGraphs":true,"m_FxEnabled":true},"in2DMode":false,"pivot":{"x":12.231842041015625,"y":-8.306262016296387,"z":3.6975417137145998},"rotation":{"x":0.706038236618042,"y":0.0031867395155131819,"z":-0.0031771939247846605,"w":0.7081593871116638},"size":24.519935607910158,"orthographic":false}