{"cameraMode":{"drawMode":0,"name":"Shaded","section":"Shading Mode"},"sceneLighting":false,"audioPlay":false,"sceneViewState":{"showFog":true,"showMaterialUpdate":false,"showSkybox":false,"showFlares":true,"showImageEffects":true,"showParticleSystems":true,"showVisualEffectGraphs":true,"m_FxEnabled":true},"in2DMode":false,"pivot":{"x":17.282024383544923,"y":-2.9384119510650636,"z":6.015374183654785},"rotation":{"x":0.030766606330871583,"y":-0.9159550070762634,"z":0.07158972322940827,"w":0.39364346861839297},"size":7.901737689971924,"orthographic":true}