{"cameraMode":{"drawMode":0,"name":"Shaded","section":"Shading Mode"},"sceneLighting":false,"audioPlay":false,"sceneViewState":{"showFog":true,"showMaterialUpdate":false,"showSkybox":false,"showFlares":true,"showImageEffects":true,"showParticleSystems":true,"showVisualEffectGraphs":true,"m_FxEnabled":true},"in2DMode":false,"pivot":{"x":11.648782730102539,"y":0.7771615386009216,"z":0.3053860366344452},"rotation":{"x":0.11077087372541428,"y":0.005963884759694338,"z":-0.0006601189961656928,"w":0.9938345551490784},"size":1.346083164215088,"orthographic":false}