{"cameraMode":{"drawMode":0,"name":"Shaded","section":"Shading Mode"},"sceneLighting":false,"audioPlay":false,"sceneViewState":{"showFog":true,"showMaterialUpdate":false,"showSkybox":false,"showFlares":true,"showImageEffects":true,"showParticleSystems":true,"showVisualEffectGraphs":true,"m_FxEnabled":true},"in2DMode":false,"pivot":{"x":14.458234786987305,"y":1.8651094436645508,"z":-0.133055180311203},"rotation":{"x":-0.00014168047346174717,"y":0.999494194984436,"z":0.0044975243508815769,"w":0.031494542956352237},"size":3.043692111968994,"orthographic":true}