{"cameraMode":{"drawMode":0,"name":"Shaded","section":"Shading Mode"},"sceneLighting":false,"audioPlay":false,"sceneViewState":{"showFog":true,"showMaterialUpdate":false,"showSkybox":false,"showFlares":true,"showImageEffects":true,"showParticleSystems":true,"showVisualEffectGraphs":true,"m_FxEnabled":true},"in2DMode":false,"pivot":{"x":-0.000011729739526344929,"y":-0.00001549284570501186,"z":0.00001659316330915317},"rotation":{"x":0.08703283220529556,"y":0.7922199964523315,"z":-0.5926923751831055,"w":0.11633168905973435},"size":0.000017320508050033823,"orthographic":false}