{"cameraMode":{"drawMode":0,"name":"Shaded","section":"Shading Mode"},"sceneLighting":false,"audioPlay":false,"sceneViewState":{"showFog":true,"showMaterialUpdate":false,"showSkybox":false,"showFlares":true,"showImageEffects":true,"showParticleSystems":true,"showVisualEffectGraphs":true,"m_FxEnabled":true},"in2DMode":false,"pivot":{"x":0.02955278381705284,"y":0.2983776330947876,"z":0.9237985610961914},"rotation":{"x":-0.08868344128131867,"y":-0.8969080448150635,"z":0.2098255604505539,"w":-0.37908732891082766},"size":0.8102363348007202,"orthographic":false}