{"cameraMode":{"drawMode":0,"name":"Shaded","section":"Shading Mode"},"sceneLighting":true,"audioPlay":false,"sceneViewState":{"showFog":true,"showMaterialUpdate":false,"showSkybox":true,"showFlares":true,"showImageEffects":true,"showParticleSystems":true,"showVisualEffectGraphs":true,"m_FxEnabled":true},"in2DMode":false,"pivot":{"x":-0.41376399993896487,"y":-2.161558151245117,"z":-45.779640197753909},"rotation":{"x":0.17341473698616029,"y":-0.0177720095962286,"z":0.002914427313953638,"w":0.9847460985183716},"size":11.135971069335938,"orthographic":false}